epoch,training_loss,validation_loss,validation_mcc
1,0.437397,0.454661,0.507275
2,0.347252,0.445555,0.580551
3,0.374769,0.462222,0.600624
4,0.359625,0.551292,0.57892
5,0.246431,0.453616,0.610872
6,0.185573,0.511936,0.605659
7,0.187145,0.52296,0.613238
8,0.255186,0.591823,0.577848
9,0.198671,0.642318,0.593084
10,0.16219,0.666951,0.595815
