epoch,training_loss,validation_loss,validation_accuracy,validation_f1
1,0.677689,0.398111,0.82598,0.872531
2,0.287546,0.398662,0.857843,0.897887
3,0.322225,0.362698,0.848039,0.885185
4,0.29887,0.467611,0.838235,0.890365
5,0.298651,0.420839,0.855392,0.896309
6,0.251764,0.403341,0.852941,0.892086
7,0.176185,0.550808,0.860294,0.899824
8,0.095591,0.481992,0.857843,0.901024
9,0.293406,0.625246,0.855392,0.898451
10,0.076986,0.62521,0.867647,0.904594
