epoch,training_loss,validation_loss,validation_accuracy
1,0.706963,0.666254,0.631769
2,0.695794,0.700441,0.472924
3,0.671904,0.691256,0.527076
4,0.671317,0.660359,0.66065
5,0.644158,0.612662,0.66787
6,0.619149,0.559555,0.714801
7,0.422678,0.622577,0.718412
8,0.449239,0.553833,0.732852
9,0.483472,0.572868,0.743682
10,0.425191,0.594296,0.740072
