epoch,training_loss,validation_loss,pearson,spearman
1,0.733476,0.740577,0.885718,0.887457
2,0.449671,0.492827,0.894112,0.891833
3,0.446938,0.565653,0.899365,0.898316
4,0.308334,0.452561,0.901979,0.899703
5,0.314641,0.416388,0.905429,0.902756
6,0.304387,0.449067,0.905936,0.903523
7,0.348964,0.392044,0.908779,0.903293
8,0.259676,0.424327,0.907944,0.904339
9,0.283523,0.41207,0.907267,0.905126
10,0.235339,0.41057,0.908434,0.90539
