{
  "task": "STS-B",
  "pearson": 0.9087793231010437,
  "spearman": 0.9032932773736748
}