num_triples,count,mean,median,max
1,1075,90.52744186046512,88.0,200
2,970,113.50103092783505,111.0,187
3,1097,136.50683682771194,133.0,228
4,1001,161.43356643356643,155.0,285
5,696,179.39511494252875,172.0,311
6,77,212.8961038961039,208.0,304
7,84,228.42857142857142,221.5,322
